Day;Date;Weigth;Steps;Walk (min);Sport (min);Spent kcal;sleep time;GPS country
W;03/06/2015;68;6178;70;6;354;;33
Th;04/06/2015;68,8;8342;72;11;465;;33
F;05/06/2015;68,7;10048;91;40;722;;33
Sa;06/06/2015;68,6;6593;55;0;270;;33
Su;07/06/2015;69;1417;12;0;71;;33
M;08/06/2015;68,8;10381;92;1;465;;33
Tu;09/06/2015;69,1;8715;78;45;695;;33
W;10/06/2015;69,2;10289;93;1;449;;33
Th;11/06/2015;68,7;8275;63;50;732;;33
F;12/06/2015;68,6;7807;70;2;359;;33
Sa;13/06/2015;68,7;1883;18;0;79;;33
Su;14/06/2015;68,7;15;5;0;30;;33
M;15/06/2015;68,7;7684;67;0;327;;33
Tu;16/06/2015;68,9;12702;116;2;559;;33
W;17/06/2015;68,9;8896;83;1;382;;33
Th;18/06/2015;69,3;9038;83;0;397;;33
F;19/06/2015;69,1;7773;69;45;663;;33
Sa;20/06/2015;69,1;68;8;0;37;;33
Su;21/06/2015;69,4;960;9;0;42;;33
M;22/06/2015;69,6;8814;79;0;383;;33
Tu;23/06/2015;69,6;7593;70;41;629;;33
W;24/06/2015;69,2;7395;68;45;650;;33
Th;25/06/2015;69,3;12400;111;0;528;;33
F;26/06/2015;69,3;11301;100;41;794;;33
Sa;27/06/2015;69,3;5055;49;0;214;;33
Su;28/06/2015;69,3;9120;91;0;375;;33
M;29/06/2015;69,3;11211;109;0;456;;33
Tu;30/06/2015;69,3;11184;106;0;472;;33
W;01/07/2015;69,3;12986;122;3;560;;33
Th;02/07/2015;69,3;8134;74;3;361;;33
F;03/07/2015;69,3;7695;67;40;619;;33
Sa;04/07/2015;68,8;;9;0;40;;33
Su;05/07/2015;68,8;53;10;0;45;;33
M;06/07/2015;69,9;9789;84;1;437;;33
Tu;07/07/2015;69,5;9148;79;47;733;;33
W;08/07/2015;69,3;7278;65;0;309;;33
Th;09/07/2015;69,8;8650;75;0;373;;33
F;10/07/2015;70,3;8652;74;47;720;;33
Sa;11/07/2015;69,8;6809;70;0;296;8h45;353
Su;12/07/2015;69,8;13575;137;0;576;8h35;353
M;13/07/2015;69,8;17865;177;0;731;8h50;353
Tu;14/07/2015;69,8;6883;69;0;296;9h03;353
W;15/07/2015;69,8;11191;117;0;468;8h05;353
Th;16/07/2015;69,8;10969;104;0;448;8h35;353
F;17/07/2015;69,8;11511;105;0;477;9h10;353
Sa;18/07/2015;69,8;6535;65;0;268;9h25;353
Su;19/07/2015;69,6;916;8;0;45;;33
M;20/07/2015;69,6;1677;16;0;79;;33
Tu;21/07/2015;69,8;4627;44;0;202;9h55;33
W;22/07/2015;69,7;4391;44;0;179;8h45;33
Th;23/07/2015;69,7;1196;12;0;50;8h10;33
F;24/07/2015;69,7;4039;38;0;180;9h47;33
Sa;25/07/2015;69,1;584;6;0;26;8h20;33
Su;26/07/2015;69,4;32;9;0;41;8h35;33
M;27/07/2015;69,3;;4;0;27;8h05;33
Tu;28/07/2015;69,2;26;15;0;75;8h06;33
W;29/07/2015;69,6;371;3;0;21;8h40;33
Th;30/07/2015;69,4;33;9;0;42;8h54;33
F;31/07/2015;69,2;5174;44;0;237;8h35;33
Sa;01/08/2015;69,1;9582;99;0;390;9h10;33
Su;02/08/2015;69,2;3384;137;1;592;8h45;34
M;03/08/2015;69,1;16509;145;8;722;9h47;34
Tu;04/08/2015;69;8425;57;113;1302;9h25;34
W;05/08/2015;68,6;1616;13;62;661;10h15;34
Th;06/08/2015;68,5;13024;92;93;1073;9h35;34
F;07/08/2015;68,3;5047;47;53;658;9h10;34
Sa;08/08/2015;68,3;3371;30;71;827;8h;34
Su;09/08/2015;68,3;8804;52;76;904;9h20;34
M;10/08/2015;68,1;4192;38;42;574;9h55;34
Tu;11/08/2015;68,1;4117;35;3;194;9h45;34
W;12/08/2015;68,2;7150;61;29;504;9h30;34
Th;13/08/2015;68,1;11873;110;8;547;9h35;34
F;14/08/2015;68,1;68;25;0;90;8h25;33
Sa;15/08/2015;68,1;2103;21;0;85;8h05;33
Su;16/08/2015;68,5;3190;28;0;134;;33
M;17/08/2015;68,9;1318;12;0;66;;33
Tu;18/08/2015;69,1;533;5;0;27;;33
W;19/08/2015;69,6;7407;70;1;322;;33
Th;20/08/2015;69,6;6460;52;1;280;;33
F;21/08/2015;69,9;3142;33;30;351;;33
Sa;22/08/2015;69,9;3649;36;2;172;;33
Su;23/08/2015;70,6;1771;18;0;80;;33
M;24/08/2015;70,6;9704;88;1;427;;33
Tu;25/08/2015;69,9;11196;101;0;476;;33
W;26/08/2015;70,4;11308;105;0;475;;33
Th;27/08/2015;70,4;8396;74;0;372;;33
F;28/08/2015;70,7;8710;78;0;385;;33
Sa;29/08/2015;70,5;993;9;0;50;;33
Su;30/08/2015;69,9;7;9;0;42;;33
M;31/08/2015;69,4;8843;78;0;379;;33
Tu;01/09/2015;69,5;8446;75;0;365;;33
W;02/09/2015;69,8;6793;61;0;305;;33
Th;03/09/2015;69,9;6894;61;0;296;;33
F;04/09/2015;69,9;10518;99;1;464;;33
Sa;05/09/2015;69,7;109;1;0;4;;33
Su;06/09/2015;69,2;1652;16;0;73;;33
M;07/09/2015;69,1;7899;72;0;336;;33
Tu;08/09/2015;69;10705;97;0;455;;33
W;09/09/2015;69,6;6379;60;0;273;;33
Th;10/09/2015;69,6;10174;92;35;697;;33
F;11/09/2015;69,2;8993;85;0;381;;33
Sa;12/09/2015;69,2;;5;0;24;;33
Su;13/09/2015;69,6;58;12;1;85;;33
M;14/09/2015;69,1;8031;71;0;350;;33
Tu;15/09/2015;69,3;7412;67;0;318;;33
W;16/09/2015;69,8;7332;66;0;311;;33
Th;17/09/2015;69,8;6999;64;0;304;;33
F;18/09/2015;69,7;7826;75;0;332;;33
Sa;19/09/2015;69,5;11;4;0;17;;33
Su;20/09/2015;69,3;1051;9;0;54;;33
M;21/09/2015;69,3;8250;74;0;354;;33
Tu;22/09/2015;68,9;7185;63;0;301;;33
W;23/09/2015;69,1;7604;69;1;332;;33
Th;24/09/2015;69,2;7453;69;1;315;;33
F;25/09/2015;69,4;8742;79;0;374;;33
Sa;26/09/2015;69,8;69;9;0;51;;33
Su;27/09/2015;69,4;14;8;0;38;;33
M;28/09/2015;69,1;11633;106;0;520;;33
Tu;29/09/2015;69,1;8690;77;0;371;;33
W;30/09/2015;69,3;5745;52;0;247;;33
Th;01/10/2015;69,9;15373;143;1;652;;33
F;02/10/2015;69,4;7229;67;0;309;;33
Sa;03/10/2015;69,1;41;9;0;48;;33
Su;04/10/2015;69,3;1064;9;0;53;;33
M;05/10/2015;69,6;7337;64;0;333;;33
Tu;06/10/2015;69,6;15253;132;1;659;;33
W;07/10/2015;69,9;7894;73;0;346;;33
Th;08/10/2015;69,4;11761;111;1;502;;33
F;09/10/2015;69,4;7377;67;0;311;;33
Sa;10/10/2015;69;;12;0;57;;33
Su;11/10/2015;69,4;885;9;0;38;;33
M;12/10/2015;69,3;7748;68;0;326;;33
Tu;13/10/2015;69,2;7296;69;0;318;;33
W;14/10/2015;69,1;7039;63;0;306;;33
Th;15/10/2015;69,7;10741;99;0;454;;33
F;16/10/2015;69,7;7474;69;0;313;;33
Sa;17/10/2015;69,5;34;9;0;43;;33
Su;18/10/2015;69,5;7170;64;0;300;;32
M;19/10/2015;69,5;8716;77;0;369;;33
Tu;20/10/2015;69,4;10788;96;0;492;;33
W;21/10/2015;69,8;8263;73;0;358;;33
Th;22/10/2015;70,5;15869;150;0;663;;33
F;23/10/2015;70;11552;111;2;516;;33
Sa;24/10/2015;69,9;961;9;0;40;;33
Su;25/10/2015;70;;9;0;42;;33
M;26/10/2015;69,8;9584;87;0;406;;33
Tu;27/10/2015;70,2;9684;87;0;413;;33
W;28/10/2015;70,5;9560;86;0;413;;33
Th;29/10/2015;70,8;13638;126;1;584;;33
F;30/10/2015;70,5;8902;79;0;371;;33
Sa;31/10/2015;70,3;41;4;0;28;;33
Su;01/11/2015;70,3;82;8;0;35;;33
M;02/11/2015;70,3;8084;74;0;348;;33
Tu;03/11/2015;69,8;9058;82;0;381;;33
W;04/11/2015;69,8;10320;96;0;446;;33
Th;05/11/2015;69,8;16367;161;1;684;;33
F;06/11/2015;69,8;2290;23;0;95;;33
Sa;07/11/2015;69,9;12607;130;0;535;;82
Su;08/11/2015;70;21731;225;0;926;;82
M;09/11/2015;69,9;20224;201;0;834;;82
Tu;10/11/2015;70;6583;69;0;267;;81
W;11/11/2015;69,6;17569;181;0;706;;81
Th;12/11/2015;70,1;19825;204;0;822;;81
F;13/11/2015;70,5;12439;120;0;507;;81
Sa;14/11/2015;70,8;9456;14;0;387;;81
Su;15/11/2015;70,2;24452;245;0;984;;81
M;16/11/2015;70;4049;43;0;165;;974
Tu;17/11/2015;69,8;9515;86;0;397;;33
W;18/11/2015;69;9964;91;0;423;;33
Th;19/11/2015;68,8;12254;117;1;525;;33
F;20/11/2015;69;4763;44;0;207;;33
Sa;21/11/2015;69,6;7508;72;0;310;;33
Su;22/11/2015;69,4;11457;108;0;481;;33
M;23/11/2015;69,2;8383;74;0;365;;33
Tu;24/11/2015;69,4;4021;37;0;176;;33
W;25/11/2015;69,6;8910;82;0;384;;33
Th;26/11/2015;69,1;10675;101;0;477;;33
F;27/11/2015;68,5;6783;63;0;278;;33
Sa;28/11/2015;68,7;107222;105;0;439;;49
Su;29/11/2015;69;11187;108;0;451;;49
M;30/11/2015;69,3;6271;62;0;265;;49
Tu;01/12/2015;69,5;8602;81;0;354;;33
W;02/12/2015;69;12014;112;0;534;;33
Th;03/12/2015;70,2;9153;86;0;393;;33
F;04/12/2015;69,9;7733;69;0;323;;33
Sa;05/12/2015;70,6;8624;78;0;371;;33
Su;06/12/2015;70;1222;10;0;54;;33
M;07/12/2015;70,3;8346;74;0;357;;33
Tu;08/12/2015;70,6;7097;64;0;314;;33
W;09/12/2015;70,5;6270;59;0;268;;33
Th;10/12/2015;70,5;11328;107;1;487;;33
F;11/12/2015;70,2;10422;97;1;458;;33
Sa;12/12/2015;70,3;92;8;2;85;;33
Su;13/12/2015;70,6;10272;95;0;421;7h10;33
M;14/12/2015;70,2;14118;137;0;606;8h40;33
Tu;15/12/2015;69,9;6036;55;0;264;8h25;33
W;16/12/2015;70,1;6910;63;0;306;8h18;33
Th;17/12/2015;70,6;4479;42;0;194;8h05;33
F;18/12/2015;70,8;12624;113;1;564;10h20;33
Sa;19/12/2015;69,9;5578;51;0;239;10h20;33
Su;20/12/2015;70,5;6921;63;0;293;10h20;33
M;21/12/2015;70,2;1858;17;0;87;8h20;33
Tu;22/12/2015;70,5;9157;82;0;383;9h19;33
W;23/12/2015;70,1;498;4;0;25;7h10;33
Th;24/12/2015;70,4;1109;10;0;49;8h54;33
F;25/12/2015;71,1;641;6;0;32;8h19;33
Sa;26/12/2015;70,5;10338;96;0;434;9h10;33
Su;27/12/2015;70,7;13402;125;0;574;6h41;33
M;28/12/2015;70,2;1852;17;0;84;8h30;33
Tu;29/12/2015;70,3;11422;107;0;479;9h10;33
W;30/12/2015;70;1196;11;0;59;9h30;33
Th;31/12/2015;69,7;593;6;0;24;9h20;33
F;01/01/2016;70,7;953;10;0;41;8h20;33
Sa;02/01/2016;70,7;9784;90;0;416;8h40;33
Su;03/01/2016;70,4;11752;107;0;492;9h40;33
M;04/01/2016;70,4;1852;17;0;77;6h30;33
Tu;05/01/2016;70,6;10246;97;0;414;9h;33
W;06/01/2016;71;6174;60;0;252;7h40;33
Th;07/01/2016;71,5;8177;74;0;352;7h15;33
F;08/01/2016;71;5999;56;0;262;;33
Sa;09/01/2016;71,2;10;9;0;49;9h20;33
Su;10/01/2016;71;1081;9;0;51;9h50;33
M;11/01/2016;70,8;10784;99;0;453;6h20;33
Tu;12/01/2016;70,9;6281;57;0;282;8h16;33
W;13/01/2016;71,4;6702;62;0;293;;33
Th;14/01/2016;70,9;6229;56;0;270;;33
F;15/01/2016;70,9;6059;56;0;266;;33
Sa;16/01/2016;71;1015;9;0;55;9h46;33
Su;17/01/2016;70,7;7584;69;0;325;9h10;33
M;18/01/2016;70,9;8457;75;0;365;6h10;33
Tu;19/01/2016;70,8;8396;76;0;370;7h10;33
W;20/01/2016;71,6;13183;119;1;575;;33
Th;21/01/2016;70,8;7034;66;0;300;7h33;33
F;22/01/2016;70,9;7107;62;0;299;7h33;33
Sa;23/01/2016;71,2;16711;161;0;679;7h40;33
Su;24/01/2016;71,8;5038;48;0;204;10h40;33
M;25/01/2016;72;10726;96;0;461;7h30;33
Tu;26/01/2016;71,9;8018;73;10;437;;33
W;27/01/2016;71,6;8147;74;0;353;;33
Th;28/01/2016;71,5;15181;139;1;655;;33
F;29/01/2016;71,6;8157;75;0;351;;33
Sa;30/01/2016;71,2;15667;145;0;656;7h20;33
Su;31/01/2016;71,2;36;9;0;42;;33
M;01/02/2016;71,4;9330;84;0;406;7h20;33
Tu;02/02/2016;71,8;5879;53;0;256;;33
W;03/02/2016;71,3;6344;56;0;271;;33
Th;04/02/2016;71,6;4647;41;55;611;7h;33
F;05/02/2016;71;7150;65;0;315;7h40;33
Sa;06/02/2016;71,2;1844;18;0;90;;33
Su;07/02/2016;71,4;189;1;0;8;8h10;33
M;08/02/2016;71,4;290;61;0;263;6h40;33
Tu;09/02/2016;71,5;8583;77;0;385;;33
W;10/02/2016;71,5;7165;63;0;311;;33
Th;11/02/2016;71,6;16322;150;0;689;;33
F;12/02/2016;71,1;15594;143;0;669;6h40;33
Sa;13/02/2016;71;10181;91;1;446;9h30;33
Su;14/02/2016;70,7;1441;14;0;60;;33
M;15/02/2016;70,8;6607;59;1;291;;33
Tu;16/02/2016;71;11345;100;0;484;;33
W;17/02/2016;71,1;6940;64;0;308;;33
Th;18/02/2016;71,3;12325;110;0;533;;33
F;19/02/2016;71;7626;71;1;341;;33
Sa;20/02/2016;71,1;2253;20;0;103;;33
Su;21/02/2016;71,1;6716;59;0;288;9h10;33
M;22/02/2016;71,4;11218;98;1;500;;33
Tu;23/02/2016;71,4;7053;65;0;312;7h30;33
W;24/02/2016;70,9;7691;69;0;334;;33
Th;25/02/2016;71,1;7618;67;0;325;;33
F;26/02/2016;71,2;6652;59;0;283;7h30;33
Sa;27/02/2016;71,2;1996;20;0;86;;33
Su;28/02/2016;71,6;64;4;0;25;;33
M;29/02/2016;71,4;3267;33;0;137;;33
Tu;01/03/2016;71,1;3019;32;0;129;;33
W;02/03/2016;71;671;7;0;32;;33
Th;03/03/2016;70,8;9342;97;1;403;;33
F;04/03/2016;71,2;7661;53;60;556;;33
Sa;05/03/2016;70,8;2394;25;0;96;;33
Su;06/03/2016;70,6;288;3;0;12;11h20;33
M;07/03/2016;71;6445;60;0;280;7h50;33
Tu;08/03/2016;70,9;8739;79;0;374;;33
W;09/03/2016;71,8;7837;72;0;337;;33
Th;10/03/2016;71,5;8042;71;0;342;;33
F;11/03/2016;71,4;113;1;0;4;;33
Sa;12/03/2016;71,5;5550;48;0;223;;33
Su;13/03/2016;71,2;5746;53;0;237;;33
M;14/03/2016;71,3;9695;87;0;411;;33
Tu;15/03/2016;70,7;8344;77;0;365;;33
W;16/03/2016;71,5;7606;69;0;321;;33
Th;17/03/2016;71,6;8440;74;11;471;;33
F;18/03/2016;71,2;7971;76;0;337;;33
Sa;19/03/2016;70,9;2386;21;0;96;;33
Su;20/03/2016;70,7;2648;23;0;107;;33
M;21/03/2016;70,4;10345;93;0;435;;33
Tu;22/03/2016;70,5;5287;46;0;232;;33
W;23/03/2016;70,5;6987;62;0;295;;33
Th;24/03/2016;70,6;9023;83;0;381;;33
F;25/03/2016;71,1;8911;80;0;381;;33
Sa;26/03/2016;71,1;200;2;0;8;;33
Su;27/03/2016;70,9;4864;44;0;214;;33
M;28/03/2016;70,7;2709;24;0;112;;33
Tu;29/03/2016;71,1;7742;69;0;336;;33
W;30/03/2016;71,2;9609;88;1;420;;33
Th;31/03/2016;71,1;8665;77;1;391;;33
F;01/04/2016;71,6;3980;36;0;175;;33
Sa;02/04/2016;70,9;22694;212;2;936;;33
Su;03/04/2016;70,9;17568;168;2;723;;33
M;04/04/2016;71,5;7219;67;1;319;;33
Tu;05/04/2016;71,7;6166;58;0;261;;33
W;06/04/2016;72,5;9601;87;2;426;;33
Th;07/04/2016;71,6;7045;62;1;315;;33
F;08/04/2016;71,3;6576;60;1;298;;33
Sa;09/04/2016;71,4;12410;115;50;885;;33
Su;10/04/2016;71,5;296;3;0;12;;33
M;11/04/2016;71,4;9300;87;2;423;;33
Tu;12/04/2016;71,4;9305;91;1;404;;33
W;13/04/2016;70,9;9377;86;1;397;;33
Th;14/04/2016;70,6;8323;79;1;369;;33
F;15/04/2016;71,8;7314;69;1;320;;33
Sa;16/04/2016;71,3;9657;88;50;768;;33
Su;17/04/2016;71,1;5890;54;0;252;;33
M;18/04/2016;71,9;6449;56;0;288;;33
Tu;19/04/2016;72,4;10370;94;14;563;;33
W;20/04/2016;71,6;10637;97;1;452;;33
Th;21/04/2016;71,4;8627;78;36;642;;33
F;22/04/2016;71,7;9215;84;0;385;;33
Sa;23/04/2016;72,1;8357;71;35;612;;33
Su;24/04/2016;71,7;42;9;0;42;;33
M;25/04/2016;71,7;10833;102;1;480;;33
Tu;26/04/2016;71,9;2360;22;0;103;;33
W;27/04/2016;71,7;4481;52;0;240;;33
Th;28/04/2016;71,6;15353;136;2;682;;33
F;29/04/2016;71,3;6262;59;1;282;;33
Sa;30/04/2016;71,5;7472;66;41;607;;33
Su;01/05/2016;71,3;2920;1;19;238;;33
M;02/05/2016;71,3;11185;102;1;476;;33
Tu;03/05/2016;71,4;8262;77;36;622;;33
W;04/05/2016;71,3;8180;76;1;353;;33
Th;05/05/2016;71,5;145;1;0;6;;33
F;06/05/2016;71,4;11704;102;35;740;;33
Sa;07/05/2016;71,1;12381;117;41;807;;33
Su;08/05/2016;71,2;5521;51;1;228;;33
M;09/05/2016;71,7;7290;68;1;317;;33
Tu;10/05/2016;72,6;7221;66;0;312;;33
W;11/05/2016;71,7;8645;79;0;370;;33
Th;12/05/2016;71,2;12219;113;36;783;;33
F;13/05/2016;70,9;10602;99;1;451;;33
Sa;14/05/2016;71;7915;69;35;582;;33
Su;15/05/2016;71,5;5250;48;0;223;;33
M;16/05/2016;71;21;8;0;60;;33
Tu;17/05/2016;71,2;9740;93;1;423;7h10;33
W;18/05/2016;72;6114;56;0;277;;33
Th;19/05/2016;71,7;8378;82;1;361;;33
F;20/05/2016;71,6;13507;130;26;796;;33
Sa;21/05/2016;71,6;10202;76;33;635;;212
Su;22/05/2016;71,5;8767;75;38;676;;212
M;23/05/2016;71,5;8577;82;19;516;;212
Tu;24/05/2016;71,4;6384;64;31;515;;212
W;25/05/2016;71,4;7540;66;32;565;9h;212
Th;26/05/2016;71,3;7816;71;27;540;8h40;212
F;27/05/2016;71,3;7528;77;1;315;;212
Sa;28/05/2016;71,2;2357;20;0;94;8h20;33
Su;29/05/2016;71,3;2352;35;0;170;;33
M;30/05/2016;71,8;14765;136;2;631;;33
Tu;31/05/2016;71,9;11372;102;3;492;;33
W;01/06/2016;71,6;8203;76;1;351;;33
Th;02/06/2016;71,4;11214;100;35;746;;33
F;03/06/2016;71,6;6568;60;1;279;;33
Sa;04/06/2016;71,9;11108;102;41;757;;33
Su;05/06/2016;72;5108;45;1;220;;33
M;06/06/2016;71,6;13340;123;0;572;;33
Tu;07/06/2016;72;4566;43;1;205;;33
W;08/06/2016;72;5587;51;0;251;;33
Th;09/06/2016;72,1;4950;47;0;226;6h50;33
F;10/06/2016;72;11905;112;1;498;7h40;33
Sa;11/06/2016;71,8;10594;96;39;721;9h40;33
Su;12/06/2016;72,3;2285;22;0;92;;33
M;13/06/2016;71,9;8018;74;0;343;6h20;33
Tu;14/06/2016;71,7;9108;84;2;387;7h;33
W;15/06/2016;71,7;10946;99;30;702;7h50;33
Th;16/06/2016;71,6;10935;101;2;461;7h20;33
F;17/06/2016;72,4;7401;71;0;311;;33
Sa;18/06/2016;72;13986;126;36;845;;33
Su;19/06/2016;72;40;9;0;47;10h;33
M;20/06/2016;71,8;10002;90;1;436;;33
Tu;21/06/2016;71,8;7337;69;1;313;;33
W;22/06/2016;71,8;11384;107;1;474;;33
Th;23/06/2016;71,8;2242;21;0;90;;33
F;24/06/2016;71,7;13598;127;26;767;7h50;33
Sa;25/06/2016;71,8;6673;62;0;270;8h;33
Su;26/06/2016;71,4;12957;53;0;240;;33
M;27/06/2016;71,2;7659;68;1;326;8h10;33
Tu;28/06/2016;71,5;8415;77;1;359;;33
W;29/06/2016;71,7;7286;70;1;308;6h50;33
Th;30/06/2016;72,3;10353;94;0;453;7h20;33
F;01/07/2016;72,6;8658;80;1;378;;33
Sa;02/07/2016;72;7309;66;40;600;9h40;33
Su;03/07/2016;71,8;785;7;0;32;;33
M;04/07/2016;72;7121;67;1;297;;33
Tu;05/07/2016;72,2;13863;127;1;592;;33
W;06/07/2016;71,7;6000;55;0;250;8h10;33
Th;07/07/2016;71,2;9852;93;2;421;;33
F;08/07/2016;71,3;11625;106;3;527;7h10;33
Sa;09/07/2016;71,5;8736;259;5;1214;;33
Su;10/07/2016;71,9;988;8;0;47;;33
M;11/07/2016;72,2;6473;62;0;276;;33
Tu;12/07/2016;71,7;8501;78;1;371;;33
W;13/07/2016;71,6;5803;53;0;245;;33
Th;14/07/2016;72,2;4694;45;0;189;9h;33
F;15/07/2016;71,8;21058;206;1;868;;33
Sa;16/07/2016;71,3;15642;153;3;668;;33
Su;17/07/2016;71,5;19151;188;1;791;10h34;33
M;18/07/2016;71,3;18658;184;2;794;6h50;33
Tu;19/07/2016;71,5;13969;136;2;616;8h50;33
W;20/07/2016;72,5;16646;168;2;698;9h03;33
Th;21/07/2016;71,7;8540;80;1;366;8h30;33
F;22/07/2016;71,5;7798;71;5;395;7h;33
Sa;23/07/2016;71,2;6024;61;1;276;8h40;33
Su;24/07/2016;71,4;6311;63;1;280;8h40;33
M;25/07/2016;71,4;8852;86;0;402;7h10;33
Tu;26/07/2016;71,4;9715;90;0;433;9h;33
W;27/07/2016;71;15460;146;2;718;8h10;33
Th;28/07/2016;70,6;10664;101;1;478;;33
F;29/07/2016;70,6;8863;84;1;387;8h20;33
Sa;30/07/2016;71,2;16830;159;1;718;8h30;33
Su;31/07/2016;71,2;11994;113;3;553;9h20;33
M;01/08/2016;71;10836;98;0;485;9h10;33
Tu;02/08/2016;70,8;10904;98;1;509;;33
W;03/08/2016;70;11307;104;0;486;8h10;33
Th;04/08/2016;70,4;24416;219;3;1057;9h40;33
F;05/08/2016;71;9373;92;0;413;8h10;33
Sa;06/08/2016;70,8;14554;132;1;625;9h;33
Su;07/08/2016;70,5;16227;152;1;703;7h50;33
M;08/08/2016;70,5;12991;116;1;577;6h10;33
Tu;09/08/2016;70,9;10438;105;1;468;9h40;33
W;10/08/2016;70,8;10367;104;0;464;;33
Th;11/08/2016;70,8;9135;89;0;411;9h20;33
F;12/08/2016;70,8;18583;172;6;878;8h30;33
Sa;13/08/2016;70,4;6055;54;16;361;9h50;33
Su;14/08/2016;70,4;8856;84;1;386;9h10;33
M;15/08/2016;70,6;10237;90;1;470;9h20;33
Tu;16/08/2016;70,6;5080;48;36;493;6h30;33
W;17/08/2016;70,1;11824;111;0;522;8h;33
Th;18/08/2016;70;3784;35;0;185;8h10;33
F;19/08/2016;69,8;10051;95;1;413;8h;33
Sa;20/08/2016;70,3;18815;186;3;785;9h;33
Su;21/08/2016;71,4;10900;100;2;460;8h30;33
M;22/08/2016;70,2;10052;93;0;409;8h30;33
Tu;23/08/2016;69,5;8850;88;1;373;5h10;33
W;24/08/2016;69,8;10520;98;1;440;7h10;33
Th;25/08/2016;69,9;7839;75;0;324;;33
F;26/08/2016;70,1;9794;95;2;419;7h10;33
Sa;27/08/2016;70,3;9194;91;1;376;9h;33
Su;28/08/2016;70,2;14710;141;1;601;8h30;33
M;29/08/2016;70,3;10565;101;2;452;7h10;33
Tu;30/08/2016;70,3;16265;87;1;377;8h;33
W;31/08/2016;70,3;9087;87;0;386;7h;33
Th;01/09/2016;70,1;8368;81;1;371;6h10;33
F;02/09/2016;70,2;4544;42;0;202;6h50;33
Sa;03/09/2016;70,2;6776;62;0;276;9h20;33
Su;04/09/2016;69,7;3188;30;0;130;8h;33
M;05/09/2016;70,1;8265;71;1;370;7h10;33
Tu;06/09/2016;70;9317;85;0;404;7h10;33
W;07/09/2016;70,3;6129;56;0;269;7h40;33
Th;08/09/2016;70,3;6144;58;0;261;7h40;33
F;09/09/2016;70,6;5529;51;0;242;7h40;33
Sa;10/09/2016;70,5;13477;133;0;549;8h30;33
Su;11/09/2016;70,5;4703;48;0;192;;33
M;12/09/2016;70,4;7335;67;0;314;7h17;33
Tu;13/09/2016;70,7;5908;55;0;261;7h17;33
W;14/09/2016;70,5;14062;136;0;606;7h30;33
Th;15/09/2016;70;6130;57;0;267;7h52;33
F;16/09/2016;70,5;1554;14;0;77;7h50;33
Sa;17/09/2016;70,7;15366;145;41;938;8h30;33
Su;18/09/2016;70,7;860;8;0;34;9h30;33
M;19/09/2016;70,3;11107;103;1;472;5h24;33
Tu;20/09/2016;70,5;9055;84;1;381;;33
W;21/09/2016;70,6;6899;64;0;299;7h44;33
Th;22/09/2016;70,3;8852;83;0;388;7h50;33
F;23/09/2016;70,2;10926;98;1;470;7h50;33
Sa;24/09/2016;70,2;17529;172;1;720;9h30;33
Su;25/09/2016;70,7;700;6;0;27;8h30;33
M;26/09/2016;71;6140;57;1;277;7h48;33
Tu;27/09/2016;70,9;8846;80;41;677;7h30;33
W;28/09/2016;70,5;8006;73;1;345;8h;33
Th;29/09/2016;70,6;6908;62;41;590;8h10;33
F;30/09/2016;71,1;6745;20;0;107;7h50;33
Sa;01/10/2016;71;5661;53;10;321;;33
Su;02/10/2016;70,6;2856;26;0;127;;33
M;03/10/2016;71,2;5233;49;0;232;;33
Tu;04/10/2016;70,5;6550;62;0;277;;33
W;05/10/2016;71,2;13302;121;0;570;;33
Th;06/10/2016;71,4;5857;53;0;252;;33
F;07/10/2016;71,6;5020;47;0;218;;33
Sa;08/10/2016;71,2;15892;151;41;958;;33
Su;09/10/2016;71,9;790;7;0;31;;33
M;10/10/2016;71,4;7902;73;0;342;;33
Tu;11/10/2016;71,5;8289;78;41;659;;33
W;12/10/2016;71,9;6996;67;1;304;;33
Th;13/10/2016;72,2;7921;73;0;341;;33
F;14/10/2016;71,7;6374;60;0;279;;33
Sa;15/10/2016;71,1;5391;53;0;220;;33
Su;16/10/2016;70,8;16026;163;1;658;;81
M;17/10/2016;71;22409;236;1;945;;81
Tu;18/10/2016;71,2;18396;271;0;1129;;81
W;19/10/2016;71,5;8751;84;0;353;;81
Th;20/10/2016;70,7;4257;234;6;1113;;81
F;21/10/2016;70,2;4770;250;0;1061;;81
Sa;22/10/2016;70,1;22796;197;20;1096;;81
Su;23/10/2016;70,1;27693;235;26;1393;;81
M;24/10/2016;70,1;27357;251;15;1310;;81
Tu;25/10/2016;70,3;8077;74;0;330;;33
W;26/10/2016;70,6;6543;60;0;282;;33
Th;27/10/2016;71,1;5746;53;0;255;;33
F;28/10/2016;70,9;6506;60;0;283;;33
Sa;29/10/2016;70,4;16012;158;0;661;;33
Su;30/10/2016;71,1;5536;53;0;224;;33
M;31/10/2016;71;9934;89;0;410;;33
Tu;01/11/2016;70,9;20771;192;1;850;;33
W;02/11/2016;70,8;6366;58;0;268;;33
Th;03/11/2016;70,7;7141;65;1;312;;33
F;04/11/2016;70,6;6192;61;0;264;;33
Sa;05/11/2016;70,7;11545;108;1;475;;33
Su;06/11/2016;71,2;12;8;0;36;;33
M;07/11/2016;70,9;7572;72;1;327;;33
Tu;08/11/2016;70,5;8104;72;1;362;;33
W;09/11/2016;70,4;658;5;0;34;;33
Th;10/11/2016;70,3;568;6;0;21;;33
F;11/11/2016;70,2;9543;92;1;394;;33
Sa;12/11/2016;70,2;2670;24;0;107;;33
Su;13/11/2016;70,3;;7;0;30;;33
M;14/11/2016;70,4;11704;101;1;492;;33
Tu;15/11/2016;70,5;9503;86;36;667;;33
W;16/11/2016;70,5;6628;60;0;283;;33
Th;17/11/2016;70,5;11575;108;1;499;;33
F;18/11/2016;70,3;219;2;0;8;;33
Sa;19/11/2016;70,4;12477;121;0;509;;33
Su;20/11/2016;70,4;34;30;0;37;;33
M;21/11/2016;70,5;5952;56;0;263;;33
Tu;22/11/2016;70,6;6970;64;36;563;;33
W;23/11/2016;70,6;135;1;0;5;;33
Th;24/11/2016;70,7;4008;36;0;164;;33
F;25/11/2016;70,6;5125;48;0;217;;33
Sa;26/11/2016;70;13066;126;0;541;;33
Su;27/11/2016;70,1;996;9;0;40;;33
M;28/11/2016;70,4;6274;55;0;281;;33
Tu;29/11/2016;70,5;7998;73;1;351;;33
W;30/11/2016;70,6;5551;51;0;244;;33
Th;01/12/2016;70,7;14087;130;1;598;;33
F;02/12/2016;70,8;6160;60;0;268;;33
Sa;03/12/2016;70,9;9618;94;0;391;;33
Su;04/12/2016;70,8;2346;21;0;96;;33
M;05/12/2016;70,9;10991;106;0;466;;33
Tu;06/12/2016;70,9;10001;98;1;412;;33
W;07/12/2016;71;4806;44;0;211;;33
Th;08/12/2016;71,3;6222;55;1;289;;33
F;09/12/2016;71,5;7568;71;1;334;;33
Sa;10/12/2016;71,6;9990;90;1;425;;33
Su;11/12/2016;71,7;30;2;0;10;;33
M;12/12/2016;71,5;5557;53;0;243;;33
Tu;13/12/2016;71,2;17255;168;1;702;;33
W;14/12/2016;70,8;11241;102;1;481;;33
Th;15/12/2016;71,2;7492;70;1;331;;33
F;16/12/2016;71,9;5854;55;0;253;;33
Sa;17/12/2016;72;8238;78;0;344;;33
Su;18/12/2016;71,9;10014;96;0;417;;33
M;19/12/2016;71,9;5288;56;0;218;;212
Tu;20/12/2016;70,6;4816;49;0;204;;212
W;21/12/2016;70,5;867;64;0;277;;212
Th;22/12/2016;71,4;190;2;0;7;;212
F;23/12/2016;71,3;170;1;0;5;;212
Sa;24/12/2016;71,3;2480;24;0;108;;33
Su;25/12/2016;71,7;2147;22;0;95;;33
M;26/12/2016;71,2;4611;42;0;193;;33
Tu;27/12/2016;71,8;9321;87;1;389;;33
W;28/12/2016;71,6;5315;50;0;218;;33
Th;29/12/2016;71,2;5089;46;0;217;;33
F;30/12/2016;71,1;3114;30;0;126;;33
Sa;31/12/2016;71,4;3498;32;0;153;;33
Su;01/01/2017;;4175;37;1;177;;33
M;02/01/2017;70,9;2229;19;0;89;;33
Tu;03/01/2017;;4871;46;0;216;;33
W;04/01/2017;;6378;61;0;281;;33
Th;05/01/2017;;11867;112;1;495;;33
F;06/01/2017;;8128;78;1;358;;33
Sa;07/01/2017;;14654;133;3;624;;33
Su;08/01/2017;;6601;60;0;278;;33
M;09/01/2017;;7316;70;1;322;;33
Tu;10/01/2017;71,7;5429;49;0;242;;33
W;11/01/2017;;5768;53;0;250;;33
Th;12/01/2017;;5617;53;0;256;;33
F;13/01/2017;;5747;55;0;252;;33
Sa;14/01/2017;;6600;64;1;272;;33
Su;15/01/2017;;7094;65;1;296;;33
M;16/01/2017;;7629;70;1;339;;33
Tu;17/01/2017;;4914;43;1;223;;33
W;18/01/2017;71,8;7545;68;1;311;;33
Th;19/01/2017;;6609;58;1;297;;33
F;20/01/2017;;6029;56;1;266;;33
Sa;21/01/2017;71,9;;2;0;7;;33
Su;22/01/2017;;5839;54;1;255;;33
M;23/01/2017;;5923;54;0;254;;33
Tu;24/01/2017;;5902;55;0;262;;33
W;25/01/2017;;16066;155;2;679;;33
Th;26/01/2017;;7846;73;0;341;;33
F;27/01/2017;;4988;45;0;219;;33
Sa;28/01/2017;;8839;83;1;363;;33
Su;29/01/2017;;823;7;0;33;;33
M;30/01/2017;;5099;46;0;209;;33
Tu;31/01/2017;;9705;86;2;423;;33
